age_recoded,uses_bike,n,prop
"(0,16]",TRUE,310,0.15338941118258287
"(16,25]",TRUE,135,0.24324324324324326
"(25,40]",TRUE,224,0.20107719928186715
"(40,65]",TRUE,223,0.10248161764705882
"(65,80]",TRUE,20,0.021810250817884406
"(80,100]",TRUE,2,0.008733624454148471
